record_id,department,corridor_id,zone,defect_type,severity_class,days_overdue,corridor_traffic_density,estimated_repair_duration_hrs,requires_traffic_or_power_block,ml_failure_probability,base_score_0_100,safety_bonus_applied,final_priority_score,explanation
D006,Traction Distribution,COR-04,Northern,overhead_equipment_fault,A,18,40,4.0,1,0.919,91.9,15,100,"Model estimates 91.9% chance this leads to failure within 90 days, based mainly on severity_class='A', days_overdue=18, and corridor_traffic_density=40. +15 safety bonus applied for Class A criticality."
D013,Traction Distribution,COR-07,Northern,feeder_trip,A,35,47,5.0,1,0.908,90.8,15,100,"Model estimates 90.8% chance this leads to failure within 90 days, based mainly on severity_class='A', days_overdue=35, and corridor_traffic_density=47. +15 safety bonus applied for Class A criticality."
D015,Signal & Telecommunication,COR-08,Northern,interlocking_issue,A,20,44,4.0,1,0.956,95.6,15,100,"Model estimates 95.6% chance this leads to failure within 90 days, based mainly on severity_class='A', days_overdue=20, and corridor_traffic_density=44. +15 safety bonus applied for Class A criticality."
D014,Engineering,COR-07,Northern,bridge_inspection_overdue,A,28,38,6.0,1,0.823,82.3,15,97.3,"Model estimates 82.3% chance this leads to failure within 90 days, based mainly on severity_class='A', days_overdue=28, and corridor_traffic_density=38. +15 safety bonus applied for Class A criticality."
D001,Signal & Telecommunication,COR-01,Northern,signal_failure,A,14,45,3.0,1,0.771,77.1,15,92.1,"Model estimates 77.1% chance this leads to failure within 90 days, based mainly on severity_class='A', days_overdue=14, and corridor_traffic_density=45. +15 safety bonus applied for Class A criticality."
D004,Engineering,COR-01,Northern,rail_fracture,A,22,52,5.0,1,0.686,68.6,15,83.6,"Model estimates 68.6% chance this leads to failure within 90 days, based mainly on severity_class='A', days_overdue=22, and corridor_traffic_density=52. +15 safety bonus applied for Class A criticality."
D003,Traction Distribution,COR-03,Northern,feeder_fault,A,60,30,4.0,1,0.617,61.7,15,76.7,"Model estimates 61.7% chance this leads to failure within 90 days, based mainly on severity_class='A', days_overdue=60, and corridor_traffic_density=30. +15 safety bonus applied for Class A criticality."
D005,Signal & Telecommunication,COR-02,Northern,point_machine_failure,B,9,28,3.0,1,0.0,0.0,5,5.0,"Model estimates 0.0% chance this leads to failure within 90 days, based mainly on severity_class='B', days_overdue=9, and corridor_traffic_density=28. +5 safety bonus applied for Class B criticality."
D007,Engineering,COR-03,Northern,track_geometry_defect,B,12,33,6.0,1,0.0,0.0,5,5.0,"Model estimates 0.0% chance this leads to failure within 90 days, based mainly on severity_class='B', days_overdue=12, and corridor_traffic_density=33. +5 safety bonus applied for Class B criticality."
D008,Signal & Telecommunication,COR-05,Northern,track_circuit_failure,B,7,24,2.0,1,0.0,0.0,5,5.0,"Model estimates 0.0% chance this leads to failure within 90 days, based mainly on severity_class='B', days_overdue=7, and corridor_traffic_density=24. +5 safety bonus applied for Class B criticality."
D010,Traction Distribution,COR-05,Northern,isolator_defect,B,16,31,3.0,1,0.0,0.0,5,5.0,"Model estimates 0.0% chance this leads to failure within 90 days, based mainly on severity_class='B', days_overdue=16, and corridor_traffic_density=31. +5 safety bonus applied for Class B criticality."
D011,Engineering,COR-06,Northern,sleeper_damage,B,11,21,4.0,1,0.0,0.0,5,5.0,"Model estimates 0.0% chance this leads to failure within 90 days, based mainly on severity_class='B', days_overdue=11, and corridor_traffic_density=21. +5 safety bonus applied for Class B criticality."
D002,Engineering,COR-02,Northern,ballast_deficiency,C,5,3,2.0,0,0.0,0.0,0,0.0,"Model estimates 0.0% chance this leads to failure within 90 days, based mainly on severity_class='C', days_overdue=5, and corridor_traffic_density=3. No safety bonus (non-critical class)."
D009,Engineering,COR-04,Northern,minor_vegetation_growth,C,3,8,2.0,0,0.0,0.0,0,0.0,"Model estimates 0.0% chance this leads to failure within 90 days, based mainly on severity_class='C', days_overdue=3, and corridor_traffic_density=8. No safety bonus (non-critical class)."
D012,Signal & Telecommunication,COR-06,Northern,signal_lamp_failure,C,4,12,1.0,0,0.0,0.0,0,0.0,"Model estimates 0.0% chance this leads to failure within 90 days, based mainly on severity_class='C', days_overdue=4, and corridor_traffic_density=12. No safety bonus (non-critical class)."
