forecast_id,date,corridor_id,from_station,to_station,expected_freight_trains,forecast_confidence
GF000001,2024-01-01,COR06392,JGG,SJGH,4,0.93
GF000002,2024-01-01,COR03589,MFJ,DHE,5,0.93
GF000003,2024-01-01,COR05915,TWV,BILP,2,0.7
GF000004,2024-01-01,COR07405,KEX,FAP,2,0.89
GF000005,2024-01-01,COR07849,PHM,GVA,5,0.74
GF000006,2024-01-01,COR01086,PCH,SUL,4,0.66
GF000007,2024-01-01,COR05219,MY,MV,2,0.62
GF000008,2024-01-01,COR03466,JSB,BSZ,2,0.61
GF000009,2024-01-01,COR03533,PLK,DDW,3,0.66
GF000010,2024-01-01,COR04345,ENB,SURR,3,0.63
GF000011,2024-01-01,COR06158,JCN,VSW,1,0.65
GF000012,2024-01-01,COR01082,BGWD,GPB,2,0.83
GF000013,2024-01-01,COR06074,HLX,SQF,4,0.91
GF000014,2024-01-01,COR03531,RNIR,BIK,1,0.73
GF000015,2024-01-01,COR08154,DN,BJ,1,0.92
GF000016,2024-01-01,COR07534,GNPT,KV,2,0.74
GF000017,2024-01-01,COR08181,DGX,JRX,5,0.78
GF000018,2024-01-01,COR05323,JAN,BRMO,1,0.68
GF000019,2024-01-01,COR04090,FTH,ORKI,1,0.85
GF000020,2024-01-01,COR06970,PRKA,KV,2,0.68
GF000021,2024-01-01,COR06189,PSX,PTS,2,0.72
GF000022,2024-01-01,COR07176,ALS,SVC,1,0.87
GF000023,2024-01-01,COR05544,MNDR,CPS,1,0.72
GF000024,2024-01-01,COR02803,KILE,BVI,3,0.89
GF000025,2024-01-01,COR07987,SPRM,HBF,2,0.64
GF000026,2024-01-01,COR05903,PAW,BMGA,4,0.82
GF000027,2024-01-01,COR02028,ATRR,BYH,2,0.69
GF000028,2024-01-01,COR00790,DGW,RHG,1,0.92
GF000029,2024-01-01,COR07488,MRHT,SRTN,1,0.65
GF000030,2024-01-01,COR02475,KJU,TBAE,3,0.84
GF000031,2024-01-01,COR01818,JKHI,HSR,4,0.94
GF000032,2024-01-01,COR02219,MYS,MNGT,4,0.86
GF000033,2024-01-01,COR04600,PNVT,JPZ,1,0.6
GF000034,2024-01-01,COR06609,NRNR,KXK,1,0.82
GF000035,2024-01-01,COR05523,JJG,SBNM,4,0.88
GF000036,2024-01-01,COR08461,BHBR,PLWR,3,0.72
GF000037,2024-01-01,COR01987,WSJ,SKR,2,0.65
GF000038,2024-01-01,COR05028,NKB,CLD,1,0.74
GF000039,2024-01-01,COR01552,NIRA,LNN,4,0.79
GF000040,2024-01-01,COR02747,DHE,MFJ,3,0.76
GF000041,2024-01-01,COR07558,SRVN,MGF,1,0.91
GF000042,2024-01-01,COR07252,AGB,AGZ,4,0.88
GF000043,2024-01-01,COR07500,MDRA,DBO,2,0.86
GF000044,2024-01-01,COR01341,SZA,IQG,4,0.69
GF000045,2024-01-01,COR00912,SIF,CWI,1,0.82
GF000046,2024-01-01,COR06564,AMC,CKVD,1,0.85
GF000047,2024-01-01,COR07688,UGP,NBUE,1,0.88
GF000048,2024-01-01,COR03044,MPLM,KRR,3,0.65
GF000049,2024-01-01,COR05751,KUTR,NTM,4,0.8
GF000050,2024-01-01,COR03302,SZV,MPC,5,0.71
GF000051,2024-01-01,COR06640,DWLE,SJJ,4,0.91
GF000052,2024-01-01,COR07951,JBB,TAV,1,0.76
GF000053,2024-01-01,COR02099,KAG,HNH,4,0.64
GF000054,2024-01-01,COR07840,NUIH,BIRL,1,0.8
GF000055,2024-01-01,COR01067,RPB,BPB,3,0.72
GF000056,2024-01-01,COR05229,SAC,BBY,3,0.62
GF000057,2024-01-01,COR04261,BIQ,NGLT,2,0.86
GF000058,2024-01-01,COR05720,BAZ,BJK,1,0.92
GF000059,2024-01-01,COR03304,TPP,KVLR,3,0.83
GF000060,2024-01-01,COR06342,NRVR,KRTN,1,0.93
GF000061,2024-01-01,COR00464,NED,WNG,2,0.85
GF000062,2024-01-01,COR01337,MXO,ABR,1,0.86
GF000063,2024-01-01,COR00474,AGQ,CDI,2,0.85
GF000064,2024-01-01,COR05662,KHTX,BLT,2,0.65
GF000065,2024-01-01,COR01830,JTS,KGBS,3,0.89
GF000066,2024-01-01,COR01220,OSA,NEI,2,0.79
GF000067,2024-01-01,COR04730,DHW,SOHL,3,0.91
GF000068,2024-01-01,COR02714,STP,JKP,1,0.67
GF000069,2024-01-01,COR06904,PMM,HA,2,0.85
GF000070,2024-01-01,COR01929,SNGR,PBN,2,0.91
GF000071,2024-01-01,COR06906,KGLE,DHPD,1,0.92
GF000072,2024-01-01,COR00354,BTD,LTD,1,0.91
GF000073,2024-01-01,COR05610,ADRA,SNKR,4,0.61
GF000074,2024-01-01,COR07380,GUX,MRDD,3,0.62
GF000075,2024-01-01,COR04268,BSR,JCNR,1,0.88
GF000076,2024-01-01,COR05923,TLV,KNW,3,0.76
GF000077,2024-01-01,COR00065,UM,PNU,4,0.75
GF000078,2024-01-01,COR05362,MFQ,DMYA,2,0.61
GF000079,2024-01-01,COR00539,NLE,CHV,2,0.62
GF000080,2024-01-01,COR08158,MZRT,KQV,4,0.78
GF000081,2024-01-01,COR01989,RNBD,RWO,4,0.95
GF000082,2024-01-01,COR06280,BMF,CWI,3,0.68
GF000083,2024-01-01,COR03617,KGX,RLP,3,0.66
GF000084,2024-01-01,COR01273,AMM,PKT,1,0.72
GF000085,2024-01-01,COR05317,RRME,CNPR,3,0.72
GF000086,2024-01-01,COR06644,GIF,KKTA,3,0.62
GF000087,2024-01-01,COR00874,UPW,KMC,3,0.87
GF000088,2024-01-01,COR04733,GSP,DNN,1,0.8
GF000089,2024-01-01,COR05747,NID,MV,5,0.8
GF000090,2024-01-01,COR06693,MGAE,LAP,3,0.66
GF000091,2024-01-01,COR01373,SKK,KVL,4,0.87
GF000092,2024-01-01,COR06217,KDHI,BUQ,3,0.8
GF000093,2024-01-01,COR06152,VPZ,VDKS,4,0.83
GF000094,2024-01-02,COR05110,GHUM,SAD,1,0.69
GF000095,2024-01-02,COR02768,PQY,DRLA,1,0.91
GF000096,2024-01-02,COR02284,DNEA,CNPR,2,0.93
GF000097,2024-01-02,COR02879,ALV,DOW,3,0.84
GF000098,2024-01-02,COR02450,KWAE,KWF,4,0.74
GF000099,2024-01-02,COR07913,SSP,AKRA,5,0.77
GF000100,2024-01-02,COR02754,PAGM,SGKM,1,0.77
GF000101,2024-01-02,COR01889,PPY,DKJ,1,0.71
GF000102,2024-01-02,COR00967,CHB,PNT,4,0.9
GF000103,2024-01-02,COR06932,BASN,GHNA,3,0.75
GF000104,2024-01-02,COR04688,VINH,KFD,2,0.77
GF000105,2024-01-02,COR04589,BDKT,RCTC,2,0.92
GF000106,2024-01-02,COR02341,JND,SHH,4,0.61
GF000107,2024-01-02,COR05011,MAV,KXO,1,0.66
GF000108,2024-01-02,COR02315,KLRS,LWS,3,0.65
GF000109,2024-01-02,COR06434,BAJ,SNA,2,0.77
GF000110,2024-01-02,COR04959,THVM,KRMI,2,0.86
GF000111,2024-01-02,COR04304,LRD,SRU,1,0.9
GF000112,2024-01-02,COR02486,TIA,NWD,3,0.61
GF000113,2024-01-02,COR03739,KZC,CQA,2,0.78
GF000114,2024-01-02,COR00210,MJHR,BRG,3,0.8
GF000115,2024-01-02,COR07318,MHMB,SHSK,5,0.61
GF000116,2024-01-02,COR01606,DAD,RNR,2,0.86
GF000117,2024-01-02,COR06876,MXH,JGW,5,0.76
GF000118,2024-01-02,COR06064,RPP,BHOJ,1,0.71
GF000119,2024-01-02,COR02909,NLBR,KTGM,4,0.61
GF000120,2024-01-02,COR00885,DBV,MED,2,0.92
GF000121,2024-01-02,COR03383,BTI,GNA,4,0.63
GF000122,2024-01-02,COR01429,SJQ,KJZ,2,0.61
GF000123,2024-01-02,COR04634,FZP,FZR,1,0.84
GF000124,2024-01-02,COR07744,MVC,HAS,4,0.67
GF000125,2024-01-02,COR07601,GQD,PLF,1,0.9
GF000126,2024-01-02,COR07392,GLBN,KZI,1,0.84
GF000127,2024-01-02,COR00794,MMC,MDB,4,0.88
GF000128,2024-01-02,COR01462,BGLI,MRG,1,0.72
GF000129,2024-01-02,COR06127,SGD,BJUD,1,0.68
GF000130,2024-01-02,COR08352,MSDH,RXL,1,0.74
GF000131,2024-01-02,COR00289,NPNR,CDI,1,0.73
GF000132,2024-01-02,COR05672,GJN,KLYT,3,0.88
GF000133,2024-01-02,COR06677,SRN,KJC,3,0.62
GF000134,2024-01-02,COR07991,BSDR,PLSG,2,0.93
GF000135,2024-01-02,COR01810,SGA,RMN,3,0.61
GF000136,2024-01-02,COR04296,SDT,JKN,3,0.71
GF000137,2024-01-02,COR00970,TSK,NTSK,1,0.76
GF000138,2024-01-02,COR03303,MPC,TPP,7,0.89
GF000139,2024-01-02,COR02205,KTHD,MWRN,4,0.63
GF000140,2024-01-02,COR00934,DBV,MOB,4,0.95
GF000141,2024-01-02,COR02973,JGE,MAHE,4,0.61
GF000142,2024-01-02,COR04156,KALD,KLAD,1,0.87
GF000143,2024-01-02,COR00233,PTWA,KTE,1,0.91
GF000144,2024-01-02,COR07503,LSN,LDD,1,0.61
GF000145,2024-01-02,COR00992,LH,NCH,3,0.91
GF000146,2024-01-02,COR01727,LOG,MFX,5,0.84
GF000147,2024-01-02,COR04310,ATX,SRSI,4,0.63
GF000148,2024-01-02,COR07359,LTK,DMF,1,0.64
GF000149,2024-01-02,COR00428,CVB,ALW,2,0.73
GF000150,2024-01-02,COR07824,SRF,ANF,4,0.81
GF000151,2024-01-02,COR04055,BLR,MLP,4,0.7
GF000152,2024-01-02,COR03461,KTRR,PTRE,3,0.74
GF000153,2024-01-02,COR00827,MAKH,BJNR,1,0.78
GF000154,2024-01-02,COR04530,TME,MVN,3,0.6
GF000155,2024-01-02,COR04834,YDV,JNU,1,0.88
GF000156,2024-01-02,COR01908,BHLK,KCP,2,0.74
GF000157,2024-01-02,COR01393,TRB,MCJ,3,0.76
GF000158,2024-01-02,COR02119,AGL,NVU,5,0.66
GF000159,2024-01-02,COR05430,LGO,RMC,2,0.61
GF000160,2024-01-02,COR06028,SRGH,BOTR,3,0.95
GF000161,2024-01-02,COR03758,KVA,UTL,3,0.75
GF000162,2024-01-02,COR04150,CHV,NLE,2,0.65
GF000163,2024-01-02,COR00589,CAMU,HIR,4,0.82
GF000164,2024-01-02,COR06877,JGW,GOD,3,0.8
GF000165,2024-01-02,COR06751,CGHD,NTW,1,0.79
GF000166,2024-01-02,COR07043,SHTS,SRMP,1,0.66
GF000167,2024-01-02,COR02321,MGG,LMNR,1,0.9
GF000168,2024-01-02,COR03772,PRSP,PP,3,0.79
GF000169,2024-01-02,COR06438,CBSA,SIPA,3,0.61
GF000170,2024-01-02,COR02554,KPDH,KRBO,1,0.79
GF000171,2024-01-02,COR04366,NNNL,MOG,1,0.81
GF000172,2024-01-02,COR00155,PM,DEC,1,0.62
GF000173,2024-01-02,COR06941,SXE,BKDE,3,0.77
GF000174,2024-01-02,COR07889,PDS,TNDE,2,0.63
GF000175,2024-01-02,COR02657,FRH,MAH,3,0.77
GF000176,2024-01-02,COR00440,SHAN,WDR,6,0.71
GF000177,2024-01-02,COR06189,PSX,PTS,1,0.71
GF000178,2024-01-02,COR03985,JVT,KGLE,1,0.73
GF000179,2024-01-03,COR07490,KHTU,KKNA,3,0.83
GF000180,2024-01-03,COR07465,SLM,RDG,1,0.73
GF000181,2024-01-03,COR00322,BGA,KSU,1,0.87
GF000182,2024-01-03,COR02844,KDN,DAJ,3,0.72
GF000183,2024-01-03,COR02133,KMV,BDU,4,0.62
GF000184,2024-01-03,COR03117,BAHP,BQP,2,0.7
GF000185,2024-01-03,COR05631,KSG,GEK,1,0.94
GF000186,2024-01-03,COR04053,GDG,HBL,1,0.76
GF000187,2024-01-03,COR05007,AYN,BAL,3,0.74
GF000188,2024-01-03,COR00444,THPR,TMD,2,0.94
GF000189,2024-01-03,COR01029,CPK,TGE,2,0.61
GF000190,2024-01-03,COR04845,MCLE,AVLI,2,0.74
GF000191,2024-01-03,COR08297,SMNN,JOH,2,0.92
GF000192,2024-01-03,COR01790,BDVT,SME,3,0.83
GF000193,2024-01-03,COR07881,KIY,SJM,2,0.82
GF000194,2024-01-03,COR07147,MJN,TII,4,0.7
GF000195,2024-01-03,COR08576,MHUR,GRMA,1,0.77
GF000196,2024-01-03,COR02060,NED,PARD,1,0.92
GF000197,2024-01-03,COR01467,NNGE,PHI,3,0.74
GF000198,2024-01-03,COR00057,SXS,MSH,4,0.86
GF000199,2024-01-03,COR00609,INK,KDM,3,0.73
GF000200,2024-01-03,COR04892,AMNR,TNK,4,0.65
GF000201,2024-01-03,COR08496,SLHA,KTKD,1,0.67
GF000202,2024-01-03,COR05255,NWA,GDU,4,0.69
GF000203,2024-01-03,COR07482,SRKN,TLI,1,0.68
GF000204,2024-01-03,COR04000,DGLE,SXP,1,0.84
GF000205,2024-01-03,COR01241,BMNI,SGLA,3,0.76
GF000206,2024-01-03,COR02776,RNA,DBD,2,0.81
GF000207,2024-01-03,COR08378,NRO,GNZ,2,0.91
GF000208,2024-01-03,COR02619,SBNM,JJG,1,0.89
GF000209,2024-01-03,COR01274,PKT,TCT,1,0.95
GF000210,2024-01-03,COR00189,BMKI,MKI,5,0.77
GF000211,2024-01-03,COR04284,HR,SDLP,3,0.76
GF000212,2024-01-03,COR08437,MONJ,SPX,4,0.72
GF000213,2024-01-03,COR06424,VKG,TUWA,4,0.65
GF000214,2024-01-03,COR01601,SVNR,KVS,1,0.81
GF000215,2024-01-03,COR06739,DK,TAS,3,0.88
GF000216,2024-01-03,COR07784,PIT,MDHA,3,0.65
GF000217,2024-01-03,COR08502,PDQ,JYM,1,0.81
GF000218,2024-01-03,COR07154,LKZ,COE,1,0.92
GF000219,2024-01-03,COR04416,HLDD,LKU,3,0.7
GF000220,2024-01-03,COR04126,KRKD,PTB,1,0.75
GF000221,2024-01-03,COR04684,CHI,ANO,3,0.64
GF000222,2024-01-03,COR04082,CHRG,IDR,1,0.81
GF000223,2024-01-03,COR03089,TLY,DMD,1,0.94
GF000224,2024-01-03,COR02428,VP,TKBN,1,0.8
GF000225,2024-01-03,COR05446,CAG,BLO,1,0.66
GF000226,2024-01-03,COR00669,DES,CSR,3,0.9
GF000227,2024-01-03,COR04891,ATB,AMNR,3,0.62
GF000228,2024-01-03,COR04650,MANK,HNA,1,0.71
GF000229,2024-01-03,COR08572,MBSK,KKNA,2,0.84
GF000230,2024-01-03,COR05537,TUD,AWH,4,0.65
GF000231,2024-01-03,COR04125,DOC,KLI,2,0.88
GF000232,2024-01-03,COR07324,MNME,SVGA,2,0.77
GF000233,2024-01-03,COR06311,CJW,ATRU,2,0.82
GF000234,2024-01-03,COR00532,KGQ,KLAD,2,0.69
GF000235,2024-01-03,COR04303,TTI,LRD,3,0.65
GF000236,2024-01-03,COR06018,JDD,NWH,2,0.95
GF000237,2024-01-03,COR08199,KBGN,PRGT,4,0.77
GF000238,2024-01-03,COR04340,HMO,SRKN,1,0.86
GF000239,2024-01-03,COR01544,FSG,ALN,1,0.76
GF000240,2024-01-03,COR07523,KSA,ATT,2,0.63
GF000241,2024-01-03,COR02156,KTPM,KTBR,4,0.65
GF000242,2024-01-03,COR00115,DOZ,AII,3,0.63
GF000243,2024-01-03,COR03073,BVRT,VND,3,0.63
GF000244,2024-01-03,COR01553,LNN,SLP,1,0.93
GF000245,2024-01-03,COR00330,PBE,PP,1,0.69
GF000246,2024-01-03,COR00911,BLC,SIF,1,0.64
GF000247,2024-01-03,COR04840,STVA,TNKU,3,0.9
GF000248,2024-01-03,COR02710,BKT,SD,3,0.86
GF000249,2024-01-03,COR08269,KEMR,CHRU,3,0.89
GF000250,2024-01-03,COR04343,TIBI,TLI,4,0.76
GF000251,2024-01-03,COR07912,BRJ,SSP,3,0.77
GF000252,2024-01-03,COR07048,JLY,MQQ,1,0.79
GF000253,2024-01-03,COR01469,TKC,PNB,4,0.6
GF000254,2024-01-03,COR02987,CLT,KUL,2,0.88
GF000255,2024-01-03,COR05435,PKM,KAY,2,0.76
GF000256,2024-01-03,COR05438,BON,ATH,3,0.67
GF000257,2024-01-03,COR07533,DLX,RDP,1,0.72
GF000258,2024-01-03,COR01517,SSI,SSF,4,0.72
GF000259,2024-01-03,COR07234,SLPM,TXD,4,0.63
GF000260,2024-01-03,COR05062,KBI,LWR,3,0.77
GF000261,2024-01-03,COR05600,KS,JNU,5,0.81
GF000262,2024-01-03,COR04925,NIDI,ROHA,3,0.82
GF000263,2024-01-03,COR01652,GHL,SDVL,3,0.72
GF000264,2024-01-03,COR06178,CKSR,MIW,4,0.78
GF000265,2024-01-03,COR07911,VMD,GVL,2,0.95
GF000266,2024-01-03,COR00403,PXR,CDH,3,0.88
GF000267,2024-01-03,COR00177,KPB,BRU,1,0.75
GF000268,2024-01-03,COR02957,PKNS,DNDI,6,0.76
GF000269,2024-01-03,COR00885,DBV,MED,2,0.68
GF000270,2024-01-03,COR07587,BDHA,SVKD,2,0.61
GF000271,2024-01-03,COR03273,KLB,MIQ,3,0.64
GF000272,2024-01-03,COR08308,SYF,SBL,3,0.62
GF000273,2024-01-03,COR07662,CQR,GGV,1,0.85
GF000274,2024-01-03,COR06287,NVLN,MLSU,1,0.63
GF000275,2024-01-03,COR07871,AHJU,CTZ,4,0.93
GF000276,2024-01-04,COR05015,KYV,NMJ,2,0.65
GF000277,2024-01-04,COR01161,NILE,SPLE,1,0.6
GF000278,2024-01-04,COR01681,KY,NU,4,0.92
GF000279,2024-01-04,COR07420,MLAR,NNE,1,0.85
GF000280,2024-01-04,COR01829,NLQ,JTS,3,0.6
GF000281,2024-01-04,COR03046,VEI,PALM,5,0.7
GF000282,2024-01-04,COR01724,BRG,MJHR,3,0.86
GF000283,2024-01-04,COR01598,GDI,KALS,1,0.71
GF000284,2024-01-04,COR03159,BMGR,RGJ,3,0.64
GF000285,2024-01-04,COR05909,JJW,CCP,2,0.77
GF000286,2024-01-04,COR04489,DRN,RR,3,0.8
GF000287,2024-01-04,COR02138,RNE,PDG,3,0.85
GF000288,2024-01-04,COR01361,JUL,PN,4,0.87
GF000289,2024-01-04,COR06618,AKL,KADI,5,0.8
GF000290,2024-01-04,COR08238,BAKT,AUI,3,0.76
GF000291,2024-01-04,COR06014,PLSN,RNIS,2,0.93
GF000292,2024-01-04,COR01984,JDH,WAB,4,0.87
GF000293,2024-01-04,COR04965,VTE,AVT,4,0.83
GF000294,2024-01-04,COR05132,KKL,AWL,2,0.65
GF000295,2024-01-04,COR01869,BBMN,JAT,4,0.76
GF000296,2024-01-04,COR03461,KTRR,PTRE,1,0.64
GF000297,2024-01-04,COR00449,IDL,DHP,1,0.68
GF000298,2024-01-04,COR05007,AYN,BAL,1,0.68
GF000299,2024-01-04,COR07133,BRDB,MSDL,3,0.72
GF000300,2024-01-04,COR02230,RMGM,KHLL,2,0.68
GF000301,2024-01-04,COR06078,DCA,BXK,1,0.75
GF000302,2024-01-04,COR07128,BGJT,JDP,4,0.9
GF000303,2024-01-04,COR00519,MAKH,SGW,2,0.68
GF000304,2024-01-04,COR08455,BSD,GURN,3,0.63
GF000305,2024-01-04,COR04385,BJPL,MNHL,3,0.71
GF000306,2024-01-04,COR03849,NAM,BTZ,2,0.75
GF000307,2024-01-04,COR04975,SIU,NSF,3,0.7
GF000308,2024-01-04,COR07541,VTG,DWT,2,0.86
GF000309,2024-01-04,COR08296,MIO,SMNN,2,0.88
GF000310,2024-01-04,COR00237,SBD,DDCE,2,0.83
GF000311,2024-01-04,COR00785,GAL,PSL,1,0.74
GF000312,2024-01-04,COR03389,KKP,WDJ,1,0.75
GF000313,2024-01-04,COR00931,BNC,SBC,4,0.65
GF000314,2024-01-04,COR01141,NAG,TVG,1,0.67
GF000315,2024-01-04,COR05299,KTKD,SLHA,1,0.92
GF000316,2024-01-04,COR03853,BDT,CGF,2,0.75
GF000317,2024-01-04,COR05020,TVR,AYM,5,0.82
GF000318,2024-01-04,COR01439,LAK,BGS,2,0.77
GF000319,2024-01-04,COR08549,HMT,RGQ,2,0.69
GF000320,2024-01-04,COR08389,KSUA,BAYD,3,0.72
GF000321,2024-01-04,COR07724,PIL,PCL,2,0.8
GF000322,2024-01-04,COR05879,GHA,KBU,2,0.68
GF000323,2024-01-04,COR03253,LRU,GGC,2,0.65
GF000324,2024-01-04,COR01142,TVG,LWR,5,0.65
GF000325,2024-01-04,COR07483,ENB,KNNA,4,0.68
GF000326,2024-01-04,COR06342,NRVR,KRTN,5,0.84
GF000327,2024-01-04,COR02311,MTC,PRTP,2,0.68
GF000328,2024-01-04,COR01234,MGO,CNHL,2,0.93
GF000329,2024-01-04,COR07903,SGNR,KESR,4,0.66
GF000330,2024-01-04,COR07852,PDSN,TEK,1,0.83
GF000331,2024-01-04,COR07969,PHRH,BJPL,5,0.63
GF000332,2024-01-04,COR02738,DAVM,PASA,2,0.78
GF000333,2024-01-04,COR05471,BTPG,TLX,3,0.61
GF000334,2024-01-04,COR06451,DME,PCT,2,0.89
GF000335,2024-01-04,COR03171,KUX,PUX,5,0.87
GF000336,2024-01-04,COR06473,THE,GOPG,1,0.94
GF000337,2024-01-04,COR01620,HSD,SHV,2,0.79
GF000338,2024-01-04,COR05281,AP,KDO,4,0.85
GF000339,2024-01-04,COR05134,BBJ,NNP,2,0.91
GF000340,2024-01-04,COR03141,PDPR,LVR,1,0.74
GF000341,2024-01-04,COR05033,LER,BMJ,1,0.77
GF000342,2024-01-04,COR08063,MHF,BARI,2,0.71
GF000343,2024-01-04,COR06208,LIG,CWA,1,0.87
GF000344,2024-01-04,COR04507,HOH,MVD,4,0.77
GF000345,2024-01-04,COR01205,RJW,ABLE,1,0.67
GF000346,2024-01-04,COR07241,GPJ,DPC,1,0.84
GF000347,2024-01-04,COR07120,DKDP,KYP,4,0.87
GF000348,2024-01-04,COR02681,DHY,NRW,4,0.79
GF000349,2024-01-04,COR04123,PTE,PTA,5,0.81
GF000350,2024-01-04,COR05030,SVQ,GLMA,3,0.86
GF000351,2024-01-04,COR02864,HBS,KUG,1,0.8
GF000352,2024-01-04,COR01374,KVL,KOQ,3,0.95
GF000353,2024-01-04,COR03902,BSPH,JIND,1,0.88
GF000354,2024-01-04,COR07747,HHT,ASK,1,0.77
GF000355,2024-01-04,COR01676,JHT,SCKR,4,0.89
GF000356,2024-01-04,COR06114,BPAH,JPAH,4,0.68
GF000357,2024-01-04,COR02331,BKNG,RKY,4,0.9
GF000358,2024-01-04,COR03029,SEQ,BNN,2,0.69
GF000359,2024-01-04,COR07513,VLN,KQV,2,0.9
GF000360,2024-01-04,COR08236,VLU,NVL,5,0.8
GF000361,2024-01-04,COR05145,BRGW,DRGM,3,0.74
GF000362,2024-01-04,COR04669,SNDD,KKW,1,0.76
GF000363,2024-01-04,COR01215,KRPR,JOA,1,0.83
GF000364,2024-01-04,COR06645,KHRI,MHQ,1,0.79
GF000365,2024-01-04,COR06598,PLSN,BOTI,4,0.79
GF000366,2024-01-04,COR01033,JID,BRHU,3,0.71
GF000367,2024-01-04,COR02783,ATQ,AYI,3,0.77
GF000368,2024-01-04,COR01774,KRNR,AKK,5,0.69
GF000369,2024-01-04,COR01655,HW,JWP,2,0.72
GF000370,2024-01-04,COR07842,PLSG,BSDR,1,0.95
GF000371,2024-01-04,COR01356,JDN,UMN,2,0.84
GF000372,2024-01-04,COR06838,HIND,THBN,4,0.94
GF000373,2024-01-04,COR05238,SCE,CPK,1,0.79
GF000374,2024-01-04,COR07240,ARK,GPJ,3,0.66
GF000375,2024-01-04,COR03769,MALA,SNDY,2,0.76
GF000376,2024-01-04,COR03371,HNS,STD,5,0.64
GF000377,2024-01-04,COR06979,KJY,MOM,4,0.72
GF000378,2024-01-05,COR01573,SLI,VRB,4,0.75
GF000379,2024-01-05,COR05169,MCQ,KDRD,2,0.82
GF000380,2024-01-05,COR03449,SMNN,MIO,1,0.87
GF000381,2024-01-05,COR00673,MRL,NVS,1,0.85
GF000382,2024-01-05,COR03253,LRU,GGC,4,0.81
GF000383,2024-01-05,COR04852,RAKL,MLAR,2,0.79
GF000384,2024-01-05,COR01994,BLDL,BRMR,3,0.95
GF000385,2024-01-05,COR02881,BO,BCHN,5,0.94
GF000386,2024-01-05,COR05798,RAMP,JGZ,4,0.95
GF000387,2024-01-05,COR05336,BWW,OM,2,0.85
GF000388,2024-01-05,COR02369,PDE,NIR,2,0.85
GF000389,2024-01-05,COR02343,BNTH,LAL,1,0.85
GF000390,2024-01-05,COR02291,DDN,HRW,1,0.68
GF000391,2024-01-05,COR05604,BSKH,CNPI,1,0.66
GF000392,2024-01-05,COR08118,ANY,KZB,1,0.74
GF000393,2024-01-05,COR01191,TAZ,RMP,3,0.82
GF000394,2024-01-05,COR08048,TAV,SVB,1,0.74
GF000395,2024-01-05,COR03453,TLC,SUJH,3,0.92
GF000396,2024-01-05,COR07342,SAPT,SGPA,3,0.71
GF000397,2024-01-05,COR02849,KGW,HPT,3,0.62
GF000398,2024-01-05,COR06708,AKZ,NJA,3,0.93
GF000399,2024-01-05,COR06155,JND,TORA,1,0.73
GF000400,2024-01-05,COR02848,PKL,KGW,1,0.63
GF000401,2024-01-05,COR07266,BCHL,KRDL,3,0.64
GF000402,2024-01-05,COR05619,ZPI,VMU,3,0.77
GF000403,2024-01-05,COR04327,AZP,PVL,2,0.83
GF000404,2024-01-05,COR03902,BSPH,JIND,1,0.94
GF000405,2024-01-05,COR07720,KBA,MPL,3,0.88
GF000406,2024-01-05,COR00176,BUG,KPB,1,0.93
GF000407,2024-01-05,COR07735,HPA,ARNH,1,0.76
GF000408,2024-01-05,COR06535,SBL,PPCK,2,0.7
GF000409,2024-01-05,COR04434,PCLI,IKR,3,0.89
GF000410,2024-01-05,COR03748,SMR,PRU,1,0.61
GF000411,2024-01-05,COR01900,SSPD,MRF,2,0.69
GF000412,2024-01-05,COR04277,MHRG,ZP,6,0.8
GF000413,2024-01-05,COR08219,RSJ,MINA,1,0.66
GF000414,2024-01-05,COR05780,SMDR,ASM,5,0.88
GF000415,2024-01-05,COR08283,CTKT,PW,2,0.68
GF000416,2024-01-05,COR02586,KT,HNA,1,0.7
GF000417,2024-01-05,COR02051,TER,PCP,4,0.87
GF000418,2024-01-05,COR05747,NID,MV,5,0.87
GF000419,2024-01-05,COR07622,DRN,AMA,3,0.92
GF000420,2024-01-05,COR01490,JTTN,CMA,4,0.95
GF000421,2024-01-05,COR04357,HSWS,NRWI,3,0.82
GF000422,2024-01-05,COR05225,GOA,RYT,3,0.8
GF000423,2024-01-05,COR06570,BJP,MNL,3,0.76
GF000424,2024-01-05,COR05430,LGO,RMC,2,0.93
GF000425,2024-01-05,COR00711,BVI,KILE,3,0.82
GF000426,2024-01-05,COR08161,BDKE,POHE,2,0.62
GF000427,2024-01-05,COR01704,PKRD,UDR,2,0.69
GF000428,2024-01-05,COR06880,SQR,DDY,1,0.76
GF000429,2024-01-05,COR01014,DPU,NLN,5,0.73
GF000430,2024-01-05,COR06791,BHJ,STZ,1,0.91
GF000431,2024-01-05,COR02391,LMC,DL,1,0.73
GF000432,2024-01-05,COR02516,JARI,DQN,3,0.61
GF000433,2024-01-05,COR07718,BTM,TAT,3,0.68
GF000434,2024-01-05,COR05997,GPX,OSRA,4,0.81
GF000435,2024-01-05,COR01666,SLON,JKB,1,0.65
GF000436,2024-01-05,COR05585,HAR,GTM,4,0.82
GF000437,2024-01-05,COR08584,KIQ,DODH,1,0.65
GF000438,2024-01-05,COR04591,BNHR,GRKN,1,0.95
GF000439,2024-01-05,COR07917,RAS,BCHN,5,0.93
GF000440,2024-01-05,COR02889,DRHI,HRD,5,0.69
GF000441,2024-01-05,COR08441,MTJR,GKJ,4,0.68
GF000442,2024-01-05,COR01219,HGL,OSA,1,0.65
GF000443,2024-01-05,COR03647,MDVL,MVP,1,0.9
GF000444,2024-01-05,COR03480,SWC,CKTD,5,0.89
GF000445,2024-01-05,COR07947,JVL,VLDR,2,0.71
GF000446,2024-01-05,COR03810,MARD,MAX,4,0.85
GF000447,2024-01-05,COR02465,DTAE,BGRA,2,0.61
GF000448,2024-01-05,COR04228,FRD,MCV,3,0.88
GF000449,2024-01-05,COR07309,KADI,AKL,1,0.72
GF000450,2024-01-05,COR07645,LKPR,URP,4,0.94
GF000451,2024-01-05,COR01769,NMD,MLZ,1,0.88
GF000452,2024-01-05,COR07836,MNKN,KS,2,0.81
GF000453,2024-01-05,COR08227,MFJ,GNGL,2,0.94
GF000454,2024-01-05,COR00035,MOL,DXR,4,0.86
GF000455,2024-01-05,COR03137,SNX,KTW,3,0.67
GF000456,2024-01-05,COR00654,BGWD,CKR,1,0.65
GF000457,2024-01-05,COR07664,MPE,KMZA,3,0.83
GF000458,2024-01-05,COR05522,MBB,JJG,1,0.61
GF000459,2024-01-05,COR06725,DXH,MUD,4,0.8
GF000460,2024-01-05,COR04683,KMAH,CHI,3,0.65
GF000461,2024-01-05,COR08394,FKA,CKLA,4,0.79
GF000462,2024-01-05,COR07368,BAL,SGM,3,0.67
GF000463,2024-01-05,COR02990,KN,VLI,3,0.93
GF000464,2024-01-05,COR00157,KRTN,PTNR,4,0.77
GF000465,2024-01-05,COR00271,BPF,BIF,1,0.62
GF000466,2024-01-05,COR07675,HHR,MMG,5,0.71
GF000467,2024-01-05,COR08200,PRGT,DNZ,3,0.63
GF000468,2024-01-05,COR08215,KAW,SVPI,3,0.68
GF000469,2024-01-05,COR00878,BKU,AKE,2,0.87
GF000470,2024-01-05,COR00944,CLN,VMP,3,0.68
GF000471,2024-01-05,COR06578,BSDL,MWJ,1,0.76
GF000472,2024-01-05,COR07866,GULR,TRPL,4,0.84
GF000473,2024-01-05,COR05848,KOF,MBNL,4,0.86
GF000474,2024-01-05,COR04652,KT,GOK,2,0.86
GF000475,2024-01-05,COR02955,PBN,SNGR,2,0.65
GF000476,2024-01-05,COR00472,WGA,BAU,4,0.8
GF000477,2024-01-05,COR03571,VSU,PBA,2,0.68
GF000478,2024-01-05,COR04423,NAG,DEV,4,0.68
GF000479,2024-01-05,COR02039,MLB,LAUL,1,0.85
GF000480,2024-01-05,COR04698,NGTN,KASU,1,0.65
GF000481,2024-01-06,COR07995,NRO,SWG,5,0.92
GF000482,2024-01-06,COR06827,BAKT,RBN,5,0.7
GF000483,2024-01-06,COR00128,RHG,DGW,1,0.95
GF000484,2024-01-06,COR03759,UTL,BME,5,0.61
GF000485,2024-01-06,COR04494,KADH,GNK,1,0.62
GF000486,2024-01-06,COR00621,NVC,BKL,1,0.62
GF000487,2024-01-06,COR03007,GEB,PGC,3,0.82
GF000488,2024-01-06,COR04450,DHAE,KWAE,3,0.68
GF000489,2024-01-06,COR08293,TLC,PIH,3,0.91
GF000490,2024-01-06,COR06312,SYL,CAG,6,0.91
GF000491,2024-01-06,COR02892,KHA,SGBJ,5,0.76
GF000492,2024-01-06,COR05415,VNN,WRGN,4,0.66
GF000493,2024-01-06,COR05961,ANY,KZY,3,0.8
GF000494,2024-01-06,COR03026,KLSX,DUI,3,0.92
GF000495,2024-01-06,COR01875,RYP,KI,3,0.91
GF000496,2024-01-06,COR01477,DML,TGE,3,0.66
GF000497,2024-01-06,COR00395,MRD,DHJ,2,0.83
GF000498,2024-01-06,COR07632,MAK,BRP,2,0.92
GF000499,2024-01-06,COR03707,BKT,IJ,1,0.8
GF000500,2024-01-06,COR00870,NZB,DHP,2,0.88
GF000501,2024-01-06,COR04379,VTV,UCP,3,0.66
GF000502,2024-01-06,COR04115,SEQ,ALL,1,0.85
GF000503,2024-01-06,COR00257,BNE,GAR,3,0.71
GF000504,2024-01-06,COR04712,CKX,AMBR,2,0.69
GF000505,2024-01-06,COR01721,PNHI,DBR,2,0.95
GF000506,2024-01-06,COR04922,PEN,KASU,4,0.64
GF000507,2024-01-06,COR04624,LDK,BVW,4,0.92
GF000508,2024-01-06,COR05556,MSSD,DAU,3,0.94
GF000509,2024-01-06,COR04247,NNGL,MTPR,1,0.62
GF000510,2024-01-06,COR00816,TEP,BWV,3,0.72
GF000511,2024-01-06,COR00326,CKK,KHMA,1,0.69
GF000512,2024-01-06,COR07988,HBF,KNGR,1,0.77
GF000513,2024-01-06,COR02589,MRDW,CTTP,4,0.87
GF000514,2024-01-06,COR02262,TMS,GBRI,2,0.88
GF000515,2024-01-06,COR05715,BLO,CAG,4,0.68
GF000516,2024-01-06,COR08385,MHUA,KTAL,3,0.69
GF000517,2024-01-06,COR01601,SVNR,KVS,3,0.76
GF000518,2024-01-06,COR00408,PNCB,AG,4,0.82
GF000519,2024-01-06,COR04654,ANKL,HAA,3,0.91
GF000520,2024-01-06,COR05034,BMJ,UB,2,0.68
GF000521,2024-01-06,COR08208,KJPD,CUPJ,3,0.68
GF000522,2024-01-06,COR03087,MAHE,JGE,1,0.6
GF000523,2024-01-06,COR08234,CUPJ,KJPD,3,0.79
GF000524,2024-01-06,COR03653,GDV,DPD,5,0.84
GF000525,2024-01-06,COR00214,PNHI,MKP,2,0.82
GF000526,2024-01-06,COR07884,KLE,GXG,2,0.9
GF000527,2024-01-06,COR06633,KRSL,SKTN,1,0.73
GF000528,2024-01-06,COR06307,YDP,JKM,4,0.63
GF000529,2024-01-06,COR00297,SBHR,BAJE,3,0.83
GF000530,2024-01-06,COR03136,DJ,DJRZ,4,0.71
GF000531,2024-01-06,COR06770,JDL,DHRR,4,0.86
GF000532,2024-01-06,COR08214,PARH,KAW,2,0.88
GF000533,2024-01-06,COR05353,AKOT,PTZ,4,0.92
GF000534,2024-01-06,COR03932,BCT,MX,5,0.82
GF000535,2024-01-06,COR02668,KTKL,SSZ,5,0.92
GF000536,2024-01-06,COR08107,GIW,DTQ,3,0.89
GF000537,2024-01-06,COR03290,KLNK,LHLL,2,0.73
GF000538,2024-01-06,COR02155,GWYR,KTPM,3,0.86
GF000539,2024-01-06,COR06795,DJL,DHL,2,0.8
GF000540,2024-01-06,COR03390,WDJ,BRW,3,0.87
GF000541,2024-01-06,COR04681,AVRD,SVX,4,0.91
GF000542,2024-01-06,COR06717,KADR,IDAR,3,0.73
GF000543,2024-01-06,COR04857,SCN,SONI,5,0.73
GF000544,2024-01-06,COR05965,BLP,ITE,2,0.68
GF000545,2024-01-06,COR03666,KVK,LNP,1,0.8
GF000546,2024-01-06,COR06867,DIB,DMPR,2,0.91
GF000547,2024-01-06,COR02021,KFK,MBS,4,0.87
GF000548,2024-01-06,COR07334,NOH,DOT,3,0.71
GF000549,2024-01-06,COR01299,MKRA,MLI,2,0.85
GF000550,2024-01-06,COR03697,BGO,PBA,1,0.9
GF000551,2024-01-06,COR04370,ILA,TVN,5,0.89
GF000552,2024-01-06,COR01090,BGM,DUR,3,0.81
GF000553,2024-01-06,COR02942,CJ,CJE,1,0.7
GF000554,2024-01-06,COR07777,DPDP,KRXM,4,0.82
GF000555,2024-01-06,COR01349,DRW,SID,2,0.64
GF000556,2024-01-06,COR06510,KNDL,PKBS,3,0.73
GF000557,2024-01-06,COR06552,AO,DUB,3,0.93
GF000558,2024-01-06,COR04602,RVK,GRU,3,0.81
GF000559,2024-01-06,COR02509,BIPR,LDM,1,0.94
GF000560,2024-01-06,COR05538,AWH,SYE,2,0.84
GF000561,2024-01-06,COR07362,LCAE,NLSF,4,0.66
GF000562,2024-01-06,COR00925,KMLM,HSRA,3,0.8
GF000563,2024-01-06,COR04453,SGUT,SGUJ,3,0.64
GF000564,2024-01-06,COR04290,RKI,MDF,2,0.85
GF000565,2024-01-06,COR01157,BQZ,SXP,2,0.81
GF000566,2024-01-06,COR05928,GVH,BINR,1,0.84
GF000567,2024-01-06,COR03876,SME,BDVT,4,0.71
GF000568,2024-01-06,COR01716,TKYR,MKD,3,0.84
GF000569,2024-01-06,COR03010,UPL,TGU,2,0.72
GF000570,2024-01-06,COR04200,SAWN,STNL,3,0.75
GF000571,2024-01-06,COR00839,SMP,GRF,2,0.65
GF000572,2024-01-06,COR03327,DUI,HMI,4,0.64
GF000573,2024-01-06,COR07787,LNH,FPS,1,0.88
GF000574,2024-01-06,COR02042,SEI,UPI,2,0.66
GF000575,2024-01-06,COR08438,SPX,TPK,3,0.93
GF000576,2024-01-07,COR05520,BPC,CSZ,2,0.75
GF000577,2024-01-07,COR00075,MXO,KWI,3,0.9
GF000578,2024-01-07,COR02226,MYA,HNK,1,0.82
GF000579,2024-01-07,COR01491,CMA,MXN,2,0.87
GF000580,2024-01-07,COR06238,SGRA,MNSR,2,0.89
GF000581,2024-01-07,COR04923,KASU,NGTN,2,0.66
GF000582,2024-01-07,COR04448,SBV,SBM,4,0.83
GF000583,2024-01-07,COR08385,MHUA,KTAL,1,0.89
GF000584,2024-01-07,COR07874,HMRR,APTA,4,0.94
GF000585,2024-01-07,COR01086,PCH,SUL,2,0.62
GF000586,2024-01-07,COR02971,DMD,TLY,3,0.77
GF000587,2024-01-07,COR02924,LBW,GIR,3,0.67
GF000588,2024-01-07,COR03236,MDS,PIP,3,0.89
GF000589,2024-01-07,COR06125,JRNA,JGNR,1,0.62
GF000590,2024-01-07,COR04269,JCNR,KARD,3,0.64
GF000591,2024-01-07,COR07598,TLX,BTPG,3,0.72
GF000592,2024-01-07,COR03463,GTM,HAR,3,0.76
GF000593,2024-01-07,COR02163,TAY,GDN,2,0.85
GF000594,2024-01-07,COR07153,HM,JALD,3,0.71
GF000595,2024-01-07,COR06941,SXE,BKDE,3,0.91
GF000596,2024-01-07,COR04948,VID,RAJP,1,0.65
GF000597,2024-01-07,COR01085,PRKH,PCH,4,0.88
GF000598,2024-01-07,COR05094,PCC,SDHR,5,0.68
GF000599,2024-01-07,COR07934,BSTP,STBJ,2,0.88
GF000600,2024-01-07,COR01873,MALA,SG,1,0.7
GF000601,2024-01-07,COR03926,GEB,SOU,3,0.93
GF000602,2024-01-07,COR03619,SOQ,BNA,2,0.61
GF000603,2024-01-07,COR08208,KJPD,CUPJ,1,0.6
GF000604,2024-01-07,COR00202,DHRJ,MEM,1,0.65
GF000605,2024-01-07,COR02540,SAG,BSS,1,0.79
GF000606,2024-01-07,COR04757,NSS,KYY,2,0.87
GF000607,2024-01-07,COR01153,CHG,BY,3,0.71
GF000608,2024-01-07,COR07830,MALA,PBE,4,0.92
GF000609,2024-01-07,COR03780,NAB,BMP,2,0.8
GF000610,2024-01-07,COR01127,KCO,KCU,2,0.62
GF000611,2024-01-07,COR08251,MIAL,BMZ,3,0.77
GF000612,2024-01-07,COR00561,MOTC,RWL,2,0.89
GF000613,2024-01-07,COR06323,BDWS,MINA,1,0.68
GF000614,2024-01-07,COR07422,DMGN,DBRG,6,0.7
GF000615,2024-01-07,COR06391,GYN,JGG,4,0.81
GF000616,2024-01-07,COR03378,SSA,BGD,1,0.71
GF000617,2024-01-07,COR06575,SRDR,RXW,1,0.62
GF000618,2024-01-07,COR00373,SBK,GZT,3,0.66
GF000619,2024-01-07,COR02952,PAU,MQL,1,0.89
GF000620,2024-01-07,COR00564,DWO,HRW,3,0.94
GF000621,2024-01-07,COR07109,DH,GURN,2,0.93
GF000622,2024-01-07,COR02920,JKNI,GAW,2,0.88
GF000623,2024-01-07,COR08508,JO,LSD,3,0.75
GF000624,2024-01-07,COR07938,CLDR,SGDP,1,0.6
GF000625,2024-01-07,COR04515,KSAR,SII,2,0.82
GF000626,2024-01-07,COR05474,NPB,VXM,5,0.84
GF000627,2024-01-07,COR00051,JUL,GUS,2,0.85
GF000628,2024-01-07,COR05536,NAB,TUD,2,0.74
GF000629,2024-01-07,COR06185,STF,RXL,1,0.88
GF000630,2024-01-07,COR00631,PRDL,MDGR,2,0.68
GF000631,2024-01-07,COR04526,MLP,BLR,3,0.93
GF000632,2024-01-07,COR05467,CHT,PLF,5,0.69
GF000633,2024-01-07,COR07922,VJA,NGNT,3,0.73
GF000634,2024-01-07,COR00001,AMLR,GUV,6,0.72
GF000635,2024-01-07,COR05322,BKRO,JAN,2,0.74
GF000636,2024-01-07,COR06540,SKU,JPO,3,0.79
GF000637,2024-01-07,COR08341,DEOR,BAH,2,0.88
GF000638,2024-01-07,COR02572,PSK,SZH,4,0.74
GF000639,2024-01-07,COR04300,CKYD,KER,1,0.8
GF000640,2024-01-07,COR03983,KTLR,KNSN,1,0.91
GF000641,2024-01-07,COR06808,KMNP,RGS,3,0.64
GF000642,2024-01-07,COR05212,DSM,KMU,3,0.64
GF000643,2024-01-07,COR04768,SGS,KEJ,1,0.88
GF000644,2024-01-07,COR05436,KAY,MTP,3,0.93
GF000645,2024-01-07,COR00262,PPI,SXF,1,0.78
GF000646,2024-01-07,COR04835,MTA,TLV,1,0.75
GF000647,2024-01-07,COR00953,CUD,TDPR,3,0.67
GF000648,2024-01-07,COR01075,VJR,SED,2,0.91
GF000649,2024-01-07,COR01630,ADHL,HVL,1,0.76
GF000650,2024-01-07,COR05774,UMPD,KR,1,0.78
GF000651,2024-01-07,COR02881,BO,BCHN,3,0.8
GF000652,2024-01-07,COR02359,HBG,GRG,2,0.7
GF000653,2024-01-07,COR07974,MXA,RSA,3,0.81
GF000654,2024-01-07,COR03451,RTGH,PIH,5,0.9
GF000655,2024-01-07,COR08482,SRTN,MRHT,2,0.62
GF000656,2024-01-07,COR02838,MRL,SCH,3,0.76
GF000657,2024-01-07,COR07647,KLW,KRJN,1,0.83
GF000658,2024-01-07,COR00589,CAMU,HIR,4,0.64
GF000659,2024-01-07,COR05390,KID,MTH,1,0.65
GF000660,2024-01-07,COR00990,AGI,SLX,1,0.83
GF000661,2024-01-07,COR00253,GPC,NU,1,0.76
GF000662,2024-01-07,COR03368,CKD,MHU,3,0.86
GF000663,2024-01-07,COR03288,BMLL,KHRK,2,0.74
GF000664,2024-01-07,COR06079,BXK,DTC,4,0.86
GF000665,2024-01-07,COR07253,AGZ,NKX,2,0.8
GF000666,2024-01-07,COR03955,BGRA,DTAE,1,0.73
GF000667,2024-01-07,COR03848,BFD,NAM,5,0.73
GF000668,2024-01-07,COR03724,DLDE,DSR,2,0.64
GF000669,2024-01-07,COR00220,CTHR,KTHA,4,0.74
GF000670,2024-01-08,COR06211,SGRR,MNWL,2,0.65
GF000671,2024-01-08,COR05863,KAGR,BRZ,4,0.76
GF000672,2024-01-08,COR00933,BNC,BNCE,2,0.64
GF000673,2024-01-08,COR00689,UBR,BRRD,5,0.86
GF000674,2024-01-08,COR00868,NVT,JKM,3,0.8
GF000675,2024-01-08,COR04529,TN,TME,3,0.9
GF000676,2024-01-08,COR07974,MXA,RSA,1,0.9
GF000677,2024-01-08,COR01483,JGJN,HJI,2,0.89
GF000678,2024-01-08,COR00123,SALI,SK,2,0.93
GF000679,2024-01-08,COR02267,PFT,NDW,3,0.88
GF000680,2024-01-08,COR02324,BHWR,AMO,3,0.61
GF000681,2024-01-08,COR05650,KTHD,BPRH,3,0.86
GF000682,2024-01-08,COR08604,SBNR,KYNT,2,0.75
GF000683,2024-01-08,COR03894,ABO,ROK,1,0.65
GF000684,2024-01-08,COR07671,BHKA,KBGH,5,0.71
GF000685,2024-01-08,COR01597,SNH,GDI,1,0.92
GF000686,2024-01-08,COR03764,STH,BJV,4,0.73
GF000687,2024-01-08,COR06509,SFE,KNDL,1,0.83
GF000688,2024-01-08,COR03917,KJA,CHBR,4,0.95
GF000689,2024-01-08,COR04951,NAN,KKW,2,0.64
GF000690,2024-01-08,COR04480,KHA,CAER,1,0.65
GF000691,2024-01-08,COR00462,MUE,MGC,4,0.64
GF000692,2024-01-08,COR04884,BHBK,KNVT,4,0.93
GF000693,2024-01-08,COR04179,GGKR,LHA,1,0.92
GF000694,2024-01-08,COR05543,SEPR,MNDR,4,0.93
GF000695,2024-01-08,COR02619,SBNM,JJG,4,0.63
GF000696,2024-01-08,COR03438,HSR,CRW,3,0.64
GF000697,2024-01-08,COR07841,GNPR,PLSG,5,0.7
GF000698,2024-01-08,COR07456,BINR,GVH,5,0.78
GF000699,2024-01-08,COR02083,BNK,TTR,3,0.9
GF000700,2024-01-08,COR01208,ALN,FSG,2,0.68
GF000701,2024-01-08,COR02543,BUQ,KDHI,4,0.77
GF000702,2024-01-08,COR02832,JRS,BIM,4,0.67
GF000703,2024-01-08,COR03703,LGO,BHDR,4,0.86
GF000704,2024-01-08,COR01867,SMBX,VJPJ,3,0.86
GF000705,2024-01-08,COR06088,WDA,MBG,3,0.73
GF000706,2024-01-08,COR02544,KDHI,DRPH,5,0.93
GF000707,2024-01-08,COR00070,IQG,SZA,3,0.91
GF000708,2024-01-08,COR07696,TNUE,KOZ,3,0.95
GF000709,2024-01-08,COR03335,RDY,VB,3,0.65
GF000710,2024-01-08,COR03708,IJ,AA,4,0.83
GF000711,2024-01-08,COR04209,HGJ,SUNM,3,0.71
GF000712,2024-01-08,COR06850,NAS,SCQ,2,0.61
GF000713,2024-01-08,COR06141,WC,JVN,2,0.65
GF000714,2024-01-08,COR04577,MKP,BIP,1,0.76
GF000715,2024-01-08,COR01875,RYP,KI,4,0.64
GF000716,2024-01-08,COR02187,TGT,LD,5,0.82
GF000717,2024-01-08,COR07499,ASV,SDGM,1,0.83
GF000718,2024-01-08,COR01446,RGQ,VRV,3,0.73
GF000719,2024-01-08,COR01465,TII,MJN,4,0.81
GF000720,2024-01-08,COR07259,SZY,KMSD,1,0.6
GF000721,2024-01-08,COR01939,PDG,RNE,3,0.69
GF000722,2024-01-08,COR01213,MRTY,PNF,2,0.61
GF000723,2024-01-08,COR05070,CKW,DBRT,3,0.72
GF000724,2024-01-08,COR00143,KWMD,KIP,3,0.72
GF000725,2024-01-08,COR08392,NRNR,CXA,1,0.66
GF000726,2024-01-08,COR01098,IDP,VPG,5,0.75
GF000727,2024-01-08,COR05298,RLA,RJU,3,0.7
GF000728,2024-01-08,COR04195,SDLP,HR,3,0.87
GF000729,2024-01-08,COR02417,BPKA,BHTA,2,0.67
GF000730,2024-01-08,COR01988,SKR,RNBD,1,0.67
GF000731,2024-01-08,COR00324,TPU,BNSA,1,0.87
GF000732,2024-01-08,COR05485,BSKN,KTRD,2,0.67
GF000733,2024-01-08,COR00636,KTMA,HRV,1,0.69
GF000734,2024-01-08,COR05659,BMQ,GOLE,3,0.82
GF000735,2024-01-08,COR04052,TJD,CBN,3,0.62
GF000736,2024-01-08,COR00227,UHR,MYR,1,0.71
GF000737,2024-01-08,COR03716,BTGH,HLV,3,0.63
GF000738,2024-01-08,COR01607,RNR,CLI,3,0.73
GF000739,2024-01-08,COR08092,MOTA,PKNA,1,0.86
GF000740,2024-01-08,COR01455,RKH,JLM,4,0.65
GF000741,2024-01-08,COR00567,APD,APDC,4,0.73
GF000742,2024-01-08,COR01725,MJHR,SRJ,3,0.75
GF000743,2024-01-08,COR07269,MLKH,MQS,4,0.62
GF000744,2024-01-08,COR06213,RMJK,UHP,2,0.88
GF000745,2024-01-08,COR08335,KLNP,HBE,3,0.6
GF000746,2024-01-08,COR05926,RAH,JBS,3,0.67
GF000747,2024-01-08,COR01707,MYR,UHR,1,0.92
GF000748,2024-01-08,COR05993,RNJ,SNBD,1,0.76
GF000749,2024-01-08,COR07091,KSAI,MNGV,4,0.91
GF000750,2024-01-08,COR01622,AJP,NVF,3,0.78
GF000751,2024-01-08,COR07018,GKA,NKE,2,0.87
GF000752,2024-01-08,COR00282,KKN,DRHI,3,0.66
GF000753,2024-01-08,COR06100,SHF,BRVR,3,0.85
GF000754,2024-01-08,COR07716,TKU,MCU,7,0.75
GF000755,2024-01-08,COR04295,MHO,SDT,5,0.63
GF000756,2024-01-08,COR04840,STVA,TNKU,1,0.94
GF000757,2024-01-08,COR07946,HRM,JVL,4,0.83
GF000758,2024-01-08,COR02237,ASK,DUH,1,0.89
GF000759,2024-01-08,COR07297,RUJ,CSMA,3,0.87
GF000760,2024-01-08,COR04981,LMNR,INDM,1,0.88
GF000761,2024-01-08,COR02433,AZ,LCAE,5,0.95
GF000762,2024-01-08,COR01148,NVU,AGL,2,0.62
GF000763,2024-01-08,COR06957,BBGN,BLMR,2,0.87
GF000764,2024-01-08,COR01152,CRD,CHG,1,0.83
GF000765,2024-01-08,COR04946,NIV,ADVI,3,0.71
GF000766,2024-01-08,COR04896,NYH,GNB,6,0.82
GF000767,2024-01-08,COR01977,CKE,JLR,2,0.78
GF000768,2024-01-09,COR02644,RHN,PAQ,3,0.68
GF000769,2024-01-09,COR04835,MTA,TLV,2,0.72
GF000770,2024-01-09,COR02111,SVNR,YLG,3,0.74
GF000771,2024-01-09,COR02001,NDBT,GULR,2,0.72
GF000772,2024-01-09,COR02764,MUZ,PRTP,4,0.85
GF000773,2024-01-09,COR06429,AAV,TAS,4,0.69
GF000774,2024-01-09,COR07432,KTO,BRH,4,0.6
GF000775,2024-01-09,COR06469,MINA,BDWS,2,0.89
GF000776,2024-01-09,COR08463,DING,SHN,3,0.94
GF000777,2024-01-09,COR07769,MDBP,MPRD,3,0.92
GF000778,2024-01-09,COR04536,BBMN,VJPJ,4,0.9
GF000779,2024-01-09,COR04924,NGTN,NIDI,1,0.65
GF000780,2024-01-09,COR05352,ABZ,AKOT,1,0.73
GF000781,2024-01-09,COR06016,GIO,SIKR,2,0.65
GF000782,2024-01-09,COR03936,BXN,KEV,1,0.63
GF000783,2024-01-09,COR00501,PIP,MLG,1,0.64
GF000784,2024-01-09,COR06057,BPR,DOX,4,0.77
GF000785,2024-01-09,COR03578,BUTA,MDN,2,0.9
GF000786,2024-01-09,COR04235,FAN,MVJ,3,0.66
GF000787,2024-01-09,COR03707,BKT,IJ,4,0.67
GF000788,2024-01-09,COR01820,STD,HNS,1,0.84
GF000789,2024-01-09,COR06655,BJE,SNTD,3,0.81
GF000790,2024-01-09,COR00786,PSL,AWR,3,0.78
GF000791,2024-01-09,COR07565,KRNR,DOY,3,0.7
GF000792,2024-01-09,COR08001,PUF,PBE,1,0.81
GF000793,2024-01-09,COR04998,PLI,PGN,2,0.9
GF000794,2024-01-09,COR02668,KTKL,SSZ,3,0.9
GF000795,2024-01-09,COR04244,GHG,CDG,4,0.69
GF000796,2024-01-09,COR02592,BTJL,SHMI,1,0.91
GF000797,2024-01-09,COR08266,ODM,BQA,2,0.65
GF000798,2024-01-09,COR07904,KESR,SRW,5,0.76
GF000799,2024-01-09,COR05584,DPSR,HAR,3,0.88
GF000800,2024-01-09,COR07353,GUA,BJMD,3,0.9
GF000801,2024-01-09,COR01624,RRB,DRU,3,0.89
GF000802,2024-01-09,COR05104,HPP,GTI,5,0.84
GF000803,2024-01-09,COR06381,VI,CBU,1,0.71
GF000804,2024-01-09,COR00353,BKT,MBP,1,0.63
GF000805,2024-01-09,COR05293,MHV,MQZ,1,0.83
GF000806,2024-01-09,COR03766,SSC,PBE,3,0.79
GF000807,2024-01-09,COR02740,KZTW,KZT,2,0.77
GF000808,2024-01-09,COR03997,AHN,SPLE,2,0.68
GF000809,2024-01-09,COR03538,KYBR,MJPB,2,0.9
GF000810,2024-01-09,COR04747,BILP,TWV,1,0.95
GF000811,2024-01-09,COR04354,KALN,AUS,1,0.68
GF000812,2024-01-09,COR06450,DAS,DME,4,0.87
GF000813,2024-01-09,COR04707,CDK,KHD,2,0.79
GF000814,2024-01-09,COR05160,VST,DMYA,3,0.93
GF000815,2024-01-09,COR00439,ME,SHAN,3,0.77
GF000816,2024-01-09,COR06784,LHBK,AEJ,7,0.81
GF000817,2024-01-09,COR06402,SDMD,BCB,1,0.7
GF000818,2024-01-09,COR06681,WGI,DNGD,4,0.82
GF000819,2024-01-09,COR02604,KBPR,NRJ,5,0.64
GF000820,2024-01-09,COR02845,DAJ,TNGL,1,0.62
GF000821,2024-01-09,COR06670,SKW,UJH,2,0.75
GF000822,2024-01-09,COR08593,LDK,TQL,2,0.77
GF000823,2024-01-09,COR08031,KKV,KKK,3,0.75
GF000824,2024-01-09,COR04548,GILA,MRTL,5,0.67
GF000825,2024-01-09,COR01910,KMNR,UDGR,1,0.74
GF000826,2024-01-09,COR02899,ERL,PYD,2,0.77
GF000827,2024-01-09,COR05372,GAJB,DRGM,4,0.62
GF000828,2024-01-09,COR02385,CJR,DXR,3,0.74
GF000829,2024-01-09,COR07898,MRJ,BLWD,3,0.67
GF000830,2024-01-09,COR06873,TSS,MWX,4,0.69
GF000831,2024-01-09,COR00070,IQG,SZA,6,0.61
GF000832,2024-01-09,COR00830,SSR,RLR,5,0.7
GF000833,2024-01-09,COR04460,BNV,DLO,4,0.72
GF000834,2024-01-09,COR00008,GOP,LPJ,1,0.85
GF000835,2024-01-09,COR07343,UWNR,GQN,1,0.81
GF000836,2024-01-09,COR07091,KSAI,MNGV,1,0.67
GF000837,2024-01-09,COR02886,RMR,PRM,2,0.64
GF000838,2024-01-09,COR02589,MRDW,CTTP,3,0.75
GF000839,2024-01-09,COR06822,KTWS,KUND,4,0.69
GF000840,2024-01-09,COR07336,ARX,SZN,2,0.76
GF000841,2024-01-09,COR00679,JRS,DGI,1,0.81
GF000842,2024-01-09,COR06958,BLMR,RWH,4,0.88
GF000843,2024-01-09,COR01215,KRPR,JOA,2,0.85
GF000844,2024-01-09,COR08104,TKLN,SEX,1,0.63
GF000845,2024-01-09,COR04523,JAK,HLAR,3,0.69
GF000846,2024-01-09,COR03918,CHBR,KBE,1,0.82
GF000847,2024-01-09,COR06860,PRKA,BRPM,1,0.93
GF000848,2024-01-09,COR06771,DHRR,DLC,4,0.7
GF000849,2024-01-09,COR01568,TKR,KOV,2,0.87
GF000850,2024-01-09,COR01918,JOA,KRPR,2,0.68
GF000851,2024-01-10,COR05262,SKY,SOY,3,0.82
GF000852,2024-01-10,COR06076,BHZ,CNE,3,0.89
GF000853,2024-01-10,COR07339,MMD,KBSH,5,0.86
GF000854,2024-01-10,COR01865,HRNR,GHGL,2,0.71
GF000855,2024-01-10,COR07317,DHNR,MHMB,1,0.85
GF000856,2024-01-10,COR02516,JARI,DQN,2,0.84
GF000857,2024-01-10,COR08184,RUP,HBN,3,0.87
GF000858,2024-01-10,COR08456,GURN,DH,3,0.62
GF000859,2024-01-10,COR07330,BSUR,MIW,4,0.64
GF000860,2024-01-10,COR08308,SYF,SBL,1,0.94
GF000861,2024-01-10,COR05175,CKH,BELA,4,0.84
GF000862,2024-01-10,COR07059,CRND,BCHR,5,0.8
GF000863,2024-01-10,COR00201,BTJ,DHRJ,3,0.62
GF000864,2024-01-10,COR05023,KVL,SKK,2,0.81
GF000865,2024-01-10,COR06489,AEL,MBV,2,0.76
GF000866,2024-01-10,COR02478,JGZ,RAMP,2,0.94
GF000867,2024-01-10,COR03410,MJV,GOPG,3,0.84
GF000868,2024-01-10,COR03902,BSPH,JIND,2,0.61
GF000869,2024-01-10,COR04735,PMQ,JK,4,0.68
GF000870,2024-01-10,COR03780,NAB,BMP,2,0.64
GF000871,2024-01-10,COR05766,MNME,MNM,2,0.7
GF000872,2024-01-10,COR02559,CWA,LIG,5,0.86
GF000873,2024-01-10,COR07096,JNN,MHQ,3,0.65
GF000874,2024-01-10,COR02190,KNP,IDJ,3,0.61
GF000875,2024-01-10,COR05718,ATRU,CJW,1,0.94
GF000876,2024-01-10,COR08172,AND,TNM,2,0.76
GF000877,2024-01-10,COR02332,RKY,RBR,2,0.79
GF000878,2024-01-10,COR02971,DMD,TLY,2,0.87
GF000879,2024-01-10,COR00614,GLA,DKJ,3,0.72
GF000880,2024-01-10,COR02608,KDBA,BAJE,3,0.63
GF000881,2024-01-10,COR07047,UIH,JLY,1,0.61
GF000882,2024-01-10,COR06355,MXH,BWF,1,0.65
GF000883,2024-01-10,COR03047,PALM,EDU,1,0.72
GF000884,2024-01-10,COR07547,BFX,KSC,1,0.93
GF000885,2024-01-10,COR02837,NVS,MRL,2,0.8
GF000886,2024-01-10,COR06265,BAHP,IDM,3,0.87
GF000887,2024-01-10,COR00173,PNYA,VKNR,5,0.73
GF000888,2024-01-10,COR02239,HAS,HLN,3,0.85
GF000889,2024-01-10,COR04918,KLMC,PNVL,1,0.84
GF000890,2024-01-10,COR02038,AHI,MLB,4,0.92
GF000891,2024-01-10,COR06938,ASAN,MLDE,1,0.62
GF000892,2024-01-10,COR02043,UPI,BTW,3,0.82
GF000893,2024-01-10,COR04100,MOT,FSR,3,0.66
GF000894,2024-01-10,COR01694,DOE,GSPR,2,0.93
GF000895,2024-01-10,COR02357,SZ,BANE,5,0.85
GF000896,2024-01-10,COR00132,AWR,PSL,2,0.94
GF000897,2024-01-10,COR00274,CGO,TBN,3,0.63
GF000898,2024-01-10,COR05655,UTL,KVA,3,0.67
GF000899,2024-01-10,COR07562,HAH,ARNH,4,0.86
GF000900,2024-01-10,COR06583,BOTR,SRGH,2,0.86
GF000901,2024-01-10,COR03264,BAMA,BR,1,0.6
GF000902,2024-01-10,COR05668,MNKB,DOR,2,0.79
GF000903,2024-01-10,COR05134,BBJ,NNP,3,0.75
GF000904,2024-01-10,COR01675,BKH,JHT,4,0.93
GF000905,2024-01-10,COR03383,BTI,GNA,3,0.73
GF000906,2024-01-10,COR07690,BBLK,PKNA,1,0.91
GF000907,2024-01-10,COR02095,HLK,JRU,1,0.64
GF000908,2024-01-10,COR04365,SPP,NNNL,1,0.95
GF000909,2024-01-10,COR05374,BRGW,MHDA,5,0.71
GF000910,2024-01-10,COR02433,AZ,LCAE,3,0.81
GF000911,2024-01-10,COR00385,SRNT,BCY,1,0.68
GF000912,2024-01-10,COR05101,RNRD,MRPR,2,0.87
GF000913,2024-01-10,COR07810,KPRR,CJS,1,0.95
GF000914,2024-01-10,COR01815,DING,BHT,3,0.81
GF000915,2024-01-10,COR04829,DDNA,DHE,5,0.61
GF000916,2024-01-10,COR07867,PLMX,PTRJ,3,0.82
GF000917,2024-01-10,COR08071,GHRI,MSTH,1,0.68
GF000918,2024-01-10,COR03312,BLND,KUPR,1,0.8
GF000919,2024-01-10,COR04229,GUH,MDNR,3,0.78
GF000920,2024-01-11,COR02868,LKU,GUB,1,0.91
GF000921,2024-01-11,COR08079,KTM,MV,2,0.77
GF000922,2024-01-11,COR08322,DNZ,PRGT,4,0.64
GF000923,2024-01-11,COR08406,RHN,KPV,2,0.93
GF000924,2024-01-11,COR05458,LOD,CNN,1,0.66
GF000925,2024-01-11,COR02644,RHN,PAQ,2,0.85
GF000926,2024-01-11,COR05295,AVL,SJF,5,0.65
GF000927,2024-01-11,COR07499,ASV,SDGM,3,0.73
GF000928,2024-01-11,COR06679,RKSH,VRH,4,0.79
GF000929,2024-01-11,COR01994,BLDL,BRMR,1,0.85
GF000930,2024-01-11,COR07513,VLN,KQV,1,0.93
GF000931,2024-01-11,COR01238,BBV,PVR,2,0.76
GF000932,2024-01-11,COR08084,AON,TKHA,3,0.72
GF000933,2024-01-11,COR06344,DAVJ,KWJ,2,0.86
GF000934,2024-01-11,COR07358,CJQ,LTK,3,0.67
GF000935,2024-01-11,COR08373,BKS,BTDR,6,0.73
GF000936,2024-01-11,COR02748,MFJ,JNU,2,0.61
GF000937,2024-01-11,COR04407,JWLS,BRMR,2,0.93
GF000938,2024-01-11,COR06266,IDM,BSWA,2,0.69
GF000939,2024-01-11,COR04830,DHE,KCT,4,0.72
GF000940,2024-01-11,COR00343,KITN,HA,2,0.64
GF000941,2024-01-11,COR04300,CKYD,KER,2,0.63
GF000942,2024-01-11,COR00105,BAR,SEU,2,0.79
GF000943,2024-01-11,COR05463,NRPR,SPR,3,0.72
GF000944,2024-01-11,COR07102,NYM,BELA,1,0.75
GF000945,2024-01-11,COR06781,JIL,BNH,1,0.63
GF000946,2024-01-11,COR01151,PR,CRD,6,0.78
GF000947,2024-01-11,COR03523,KRUR,TNLR,3,0.81
GF000948,2024-01-11,COR06440,JNK,TABU,2,0.72
GF000949,2024-01-11,COR06141,WC,JVN,1,0.77
GF000950,2024-01-11,COR05852,MON,BK,1,0.68
GF000951,2024-01-11,COR05382,BRGM,KNBR,4,0.67
GF000952,2024-01-11,COR02360,GRG,JPV,1,0.73
GF000953,2024-01-11,COR04533,KLPM,PYM,4,0.92
GF000954,2024-01-11,COR02436,JVT,KNSN,2,0.74
GF000955,2024-01-11,COR05840,BLDI,JNZ,3,0.9
GF000956,2024-01-11,COR04954,KUDL,ZARP,1,0.85
GF000957,2024-01-11,COR08061,RNB,AGE,3,0.74
GF000958,2024-01-11,COR01389,BAL,AYN,3,0.78
GF000959,2024-01-11,COR03909,DTN,KLWN,3,0.79
GF000960,2024-01-11,COR07897,GAH,AMO,1,0.88
GF000961,2024-01-11,COR03008,PGC,SHKY,3,0.62
GF000962,2024-01-11,COR05751,KUTR,NTM,5,0.83
GF000963,2024-01-11,COR04136,VLI,KN,4,0.64
GF000964,2024-01-11,COR04788,VJPJ,SMBX,3,0.72
GF000965,2024-01-11,COR01012,DSR,DLDE,2,0.84
GF000966,2024-01-11,COR00043,KHRS,VNRD,1,0.89
GF000967,2024-01-11,COR05923,TLV,KNW,3,0.78
GF000968,2024-01-11,COR01256,SOF,NGX,2,0.64
GF000969,2024-01-11,COR06957,BBGN,BLMR,1,0.87
GF000970,2024-01-11,COR07271,GNZ,NRO,5,0.84
GF000971,2024-01-11,COR02126,KFV,EKN,1,0.88
GF000972,2024-01-11,COR02914,BZGT,RTBR,4,0.77
GF000973,2024-01-11,COR07946,HRM,JVL,1,0.62
GF000974,2024-01-11,COR06739,DK,TAS,3,0.69
GF000975,2024-01-11,COR00938,MV,NID,1,0.79
GF000976,2024-01-11,COR00718,STC,KHAR,2,0.94
GF000977,2024-01-11,COR07249,KDPA,CJS,3,0.72
GF000978,2024-01-11,COR01069,BPG,PNGM,2,0.8
GF000979,2024-01-11,COR06856,RTGH,RXW,2,0.74
GF000980,2024-01-11,COR04552,GSB,KZX,1,0.62
GF000981,2024-01-11,COR01318,BGG,BWA,2,0.87
GF000982,2024-01-11,COR07800,JKS,BKD,4,0.71
GF000983,2024-01-11,COR06087,DJA,WDA,1,0.68
GF000984,2024-01-11,COR01263,MTPR,NNGL,2,0.88
GF000985,2024-01-11,COR00615,DKJ,PPY,4,0.75
GF000986,2024-01-11,COR00460,SLGH,SVN,3,0.84
GF000987,2024-01-11,COR04908,CGKP,PANP,3,0.62
GF000988,2024-01-11,COR01262,UHL,MTPR,5,0.72
GF000989,2024-01-11,COR02636,DHU,BPD,2,0.88
GF000990,2024-01-11,COR07024,SBW,TLE,3,0.65
GF000991,2024-01-11,COR04777,DMP,SWO,3,0.82
GF000992,2024-01-11,COR01547,ABLE,RJW,2,0.64
GF000993,2024-01-11,COR04403,BRHL,NGRS,1,0.83
GF000994,2024-01-11,COR04458,NKB,CRX,3,0.93
GF000995,2024-01-11,COR08378,NRO,GNZ,6,0.94
GF000996,2024-01-11,COR08028,KJV,CTL,4,0.64
GF000997,2024-01-11,COR00780,MJNL,AIA,3,0.81
GF000998,2024-01-11,COR04158,KGQ,KMQ,1,0.68
GF000999,2024-01-11,COR04433,JNO,PCLI,5,0.76
GF001000,2024-01-11,COR01836,DWX,NRGR,3,0.62
GF001001,2024-01-11,COR00881,SHAN,ME,1,0.7
GF001002,2024-01-11,COR03025,CTW,KLSX,4,0.78
GF001003,2024-01-11,COR04325,PML,PDV,4,0.76
GF001004,2024-01-11,COR04569,DGBZ,GBRI,3,0.6
GF001005,2024-01-11,COR08579,BSKH,JAMA,6,0.67
GF001006,2024-01-11,COR07589,JIR,LMO,2,0.67
GF001007,2024-01-12,COR01737,KBE,CHBR,2,0.92
GF001008,2024-01-12,COR04200,SAWN,STNL,1,0.81
GF001009,2024-01-12,COR05459,DHK,JDP,3,0.71
GF001010,2024-01-12,COR00849,DLD,KCNR,2,0.67
GF001011,2024-01-12,COR06294,JUK,AMW,5,0.94
GF001012,2024-01-12,COR00436,MOB,PAPM,4,0.67
GF001013,2024-01-12,COR00360,SOA,BJUD,3,0.79
GF001014,2024-01-12,COR07649,NCPM,NCP,4,0.7
GF001015,2024-01-12,COR04420,KRKP,MGD,4,0.92
GF001016,2024-01-12,COR06127,SGD,BJUD,4,0.77
GF001017,2024-01-12,COR00175,AWS,BUG,1,0.62
GF001018,2024-01-12,COR01169,MPLR,PRDG,4,0.72
GF001019,2024-01-12,COR02987,CLT,KUL,2,0.82
GF001020,2024-01-12,COR04531,MVN,TIP,2,0.71
GF001021,2024-01-12,COR04795,GSP,JHWR,2,0.84
GF001022,2024-01-12,COR07578,HCNR,NKW,4,0.63
GF001023,2024-01-12,COR00028,WKR,LXR,2,0.62
GF001024,2024-01-12,COR04630,KRSW,JTH,2,0.76
GF001025,2024-01-12,COR02690,JNA,KZH,2,0.92
GF001026,2024-01-12,COR01432,KLPG,ABKP,4,0.6
GF001027,2024-01-12,COR04408,BRMR,BLDL,2,0.71
GF001028,2024-01-12,COR06921,ANKI,KORL,2,0.92
GF001029,2024-01-12,COR08513,MRIJ,BDMA,2,0.67
GF001030,2024-01-12,COR02588,MANK,MRDW,3,0.78
GF001031,2024-01-12,COR08182,JRX,TRBE,3,0.95
GF001032,2024-01-12,COR03615,LKT,GDG,1,0.64
GF001033,2024-01-12,COR04998,PLI,PGN,3,0.71
GF001034,2024-01-12,COR02976,NAU,BDJ,1,0.64
GF001035,2024-01-12,COR04375,SUX,PMK,2,0.72
GF001036,2024-01-12,COR07979,BXA,KYS,3,0.94
GF001037,2024-01-12,COR00186,MJL,SGL,2,0.94
GF001038,2024-01-12,COR05930,BEDM,DEEG,1,0.92
GF001039,2024-01-12,COR06251,KLL,AJM,5,0.91
GF001040,2024-01-12,COR00373,SBK,GZT,1,0.89
GF001041,2024-01-12,COR01810,SGA,RMN,1,0.83
GF001042,2024-01-12,COR04219,PHX,BJ,1,0.77
GF001043,2024-01-12,COR02469,BHLA,SOAE,1,0.65
GF001044,2024-01-12,COR00515,RLR,SSR,6,0.65
GF001045,2024-01-12,COR08212,RENH,MOJ,1,0.61
GF001046,2024-01-12,COR08162,POHE,KRJA,2,0.61
GF001047,2024-01-12,COR03693,GSL,SLB,5,0.74
GF001048,2024-01-12,COR04016,COL,OGM,3,0.65
GF001049,2024-01-12,COR04854,NNE,RYT,2,0.93
GF001050,2024-01-12,COR08170,LDD,LSN,1,0.69
GF001051,2024-01-12,COR08610,SRZ,SRPR,5,0.84
GF001052,2024-01-12,COR07163,NKE,AMO,2,0.77
GF001053,2024-01-12,COR05177,MDE,THA,2,0.9
GF001054,2024-01-12,COR02681,DHY,NRW,3,0.83
GF001055,2024-01-12,COR08289,BLSD,LAU,1,0.6
GF001056,2024-01-12,COR05528,HDM,GNL,3,0.76
GF001057,2024-01-12,COR08519,FNO,KFA,1,0.94
GF001058,2024-01-12,COR04304,LRD,SRU,3,0.63
GF001059,2024-01-12,COR04513,BENL,LMT,3,0.79
GF001060,2024-01-12,COR05560,AJL,NNKR,3,0.84
GF001061,2024-01-12,COR08373,BKS,BTDR,3,0.63
GF001062,2024-01-12,COR08498,AUI,BAKT,5,0.61
GF001063,2024-01-12,COR06455,JIR,SVKD,2,0.78
GF001064,2024-01-12,COR06839,THBN,TBTN,2,0.7
GF001065,2024-01-12,COR02001,NDBT,GULR,3,0.81
GF001066,2024-01-12,COR06346,KXH,RCF,5,0.63
GF001067,2024-01-12,COR08004,BNH,TID,2,0.68
GF001068,2024-01-12,COR06156,TORA,BILK,1,0.87
GF001069,2024-01-12,COR06867,DIB,DMPR,2,0.64
GF001070,2024-01-12,COR04597,DDNI,KRNI,4,0.66
GF001071,2024-01-12,COR03773,CAF,KEZ,4,0.95
GF001072,2024-01-12,COR06715,KDBM,VAE,4,0.73
GF001073,2024-01-12,COR08015,BIRD,PNVL,2,0.63
GF001074,2024-01-12,COR08050,QLM,DWF,4,0.62
GF001075,2024-01-12,COR02162,TEN,TAY,3,0.79
GF001076,2024-01-12,COR02886,RMR,PRM,1,0.72
GF001077,2024-01-12,COR02901,KZT,KZTW,1,0.8
GF001078,2024-01-12,COR05552,DDK,PHS,2,0.72
GF001079,2024-01-12,COR04380,UCP,PPVL,1,0.73
GF001080,2024-01-12,COR05993,RNJ,SNBD,3,0.76
GF001081,2024-01-12,COR02726,SG,SNDY,3,0.82
GF001082,2024-01-12,COR00563,QSR,DWO,2,0.82
GF001083,2024-01-12,COR04939,KMAH,SVX,2,0.67
GF001084,2024-01-12,COR05807,RJS,AS,1,0.92
GF001085,2024-01-12,COR03764,STH,BJV,2,0.75
GF001086,2024-01-12,COR02631,PCX,DEB,3,0.76
GF001087,2024-01-12,COR05490,DWJ,KBE,4,0.67
GF001088,2024-01-12,COR02818,VGN,DRD,2,0.77
GF001089,2024-01-12,COR03042,KMD,PGR,4,0.64
GF001090,2024-01-12,COR05286,CGHD,NBU,2,0.65
GF001091,2024-01-12,COR03651,GUK,OTR,1,0.72
GF001092,2024-01-12,COR08382,SDZ,LNK,2,0.81
GF001093,2024-01-12,COR03195,TUNG,SAD,3,0.72
GF001094,2024-01-12,COR01369,VXM,NPB,5,0.85
GF001095,2024-01-12,COR06226,MBG,WDA,2,0.95
GF001096,2024-01-12,COR05006,SGM,AYN,3,0.64
GF001097,2024-01-12,COR05804,RMH,SOG,1,0.78
GF001098,2024-01-12,COR06329,PRKA,GNPT,1,0.64
GF001099,2024-01-12,COR06563,BTGH,AMC,4,0.73
GF001100,2024-01-12,COR05036,NUH,AHU,1,0.66
GF001101,2024-01-13,COR05472,TLX,CG,1,0.65
GF001102,2024-01-13,COR02222,S,PANP,3,0.78
GF001103,2024-01-13,COR02085,SSNH,HVL,3,0.69
GF001104,2024-01-13,COR08189,KLRS,KCR,3,0.85
GF001105,2024-01-13,COR06641,SJJ,TKLE,3,0.9
GF001106,2024-01-13,COR03185,THP,BDZ,2,0.92
GF001107,2024-01-13,COR07949,PCC,GRHM,6,0.81
GF001108,2024-01-13,COR07994,KGKD,SDZ,3,0.93
GF001109,2024-01-13,COR04197,RMB,PVZ,4,0.79
GF001110,2024-01-13,COR06872,MFM,TSS,2,0.74
GF001111,2024-01-13,COR00707,NIG,BYR,2,0.66
GF001112,2024-01-13,COR06550,KCV,BPO,6,0.93
GF001113,2024-01-13,COR07260,KMSD,KKLU,3,0.8
GF001114,2024-01-13,COR06504,BDHL,PCMK,4,0.9
GF001115,2024-01-13,COR05291,BDGP,CMNR,3,0.76
GF001116,2024-01-13,COR04268,BSR,JCNR,2,0.63
GF001117,2024-01-13,COR01904,MTV,BIDR,3,0.76
GF001118,2024-01-13,COR05995,BNG,PJH,1,0.93
GF001119,2024-01-13,COR08280,ASI,GAJU,2,0.64
GF001120,2024-01-13,COR02787,PKT,AMM,3,0.74
GF001121,2024-01-13,COR01264,KRHR,SASN,1,0.63
GF001122,2024-01-13,COR05032,ANDN,LER,2,0.63
GF001123,2024-01-13,COR03639,SGKM,PAGM,3,0.91
GF001124,2024-01-13,COR04982,INDM,SFNR,4,0.86
GF001125,2024-01-13,COR07525,LOD,FTD,1,0.75
GF001126,2024-01-13,COR06898,CNE,BHZ,3,0.77
GF001127,2024-01-13,COR05048,TLR,KPE,1,0.91
GF001128,2024-01-13,COR08060,BRLI,RNB,3,0.77
GF001129,2024-01-13,COR04605,HOJ,HSA,5,0.69
GF001130,2024-01-13,COR04124,PTA,DOC,1,0.92
GF001131,2024-01-13,COR00620,CKN,NVC,3,0.62
GF001132,2024-01-13,COR00059,BHU,UJA,3,0.66
GF001133,2024-01-13,COR04054,HBL,BLR,2,0.91
GF001134,2024-01-13,COR00076,KWI,BMN,2,0.69
GF001135,2024-01-13,COR05653,KWAE,DHAE,2,0.88
GF001136,2024-01-13,COR01586,SHC,SBM,4,0.92
GF001137,2024-01-13,COR06784,LHBK,AEJ,3,0.76
GF001138,2024-01-13,COR04614,DDM,ODB,3,0.81
GF001139,2024-01-13,COR02180,CM,ANDN,4,0.86
GF001140,2024-01-13,COR00758,DKZ,DEE,3,0.77
GF001141,2024-01-13,COR03379,BGD,KNL,1,0.67
GF001142,2024-01-13,COR05161,DMYA,MFQ,1,0.69
GF001143,2024-01-13,COR06014,PLSN,RNIS,3,0.71
GF001144,2024-01-13,COR02056,HGL,LUR,1,0.71
GF001145,2024-01-13,COR05060,HGI,HDD,1,0.62
GF001146,2024-01-13,COR01943,J,BDU,1,0.9
GF001147,2024-01-13,COR02457,LKX,MTFA,4,0.64
GF001148,2024-01-13,COR04626,DAVC,JBD,4,0.66
GF001149,2024-01-13,COR08411,PRGD,TRMN,1,0.74
GF001150,2024-01-13,COR04133,TIR,TA,3,0.72
GF001151,2024-01-13,COR08343,RDHP,VRX,1,0.93
GF001152,2024-01-13,COR00825,BDW,SGW,4,0.73
GF001153,2024-01-13,COR02865,KUG,UBL,2,0.77
GF001154,2024-01-13,COR06031,SURI,CPLE,2,0.94
GF001155,2024-01-13,COR03701,ODM,BXL,5,0.72
GF001156,2024-01-13,COR05615,SDMD,PEH,1,0.78
GF001157,2024-01-13,COR06766,GZN,MUD,3,0.89
GF001158,2024-01-13,COR02495,DOR,MNKB,1,0.84
GF001159,2024-01-13,COR01434,MMD,GRD,1,0.79
GF001160,2024-01-13,COR03801,KITN,OEL,1,0.71
GF001161,2024-01-13,COR05568,RCA,MCLA,2,0.66
GF001162,2024-01-13,COR04570,GBRI,TMS,2,0.74
GF001163,2024-01-13,COR03385,CBX,GJUT,1,0.65
GF001164,2024-01-13,COR00547,PPNS,VAPM,2,0.77
GF001165,2024-01-13,COR02894,KNW,BMA,6,0.95
GF001166,2024-01-13,COR07950,GRHM,JBB,2,0.88
GF001167,2024-01-13,COR06058,DOX,IZN,4,0.76
GF001168,2024-01-13,COR05883,BNY,MHBG,5,0.63
GF001169,2024-01-13,COR02392,DL,LXR,2,0.92
GF001170,2024-01-13,COR08402,JBW,BRW,4,0.66
GF001171,2024-01-13,COR02284,DNEA,CNPR,1,0.87
GF001172,2024-01-13,COR05915,TWV,BILP,3,0.9
GF001173,2024-01-13,COR02251,SXE,SFDE,2,0.82
GF001174,2024-01-13,COR00575,HRNG,CAA,4,0.62
GF001175,2024-01-13,COR04291,MDF,MDKD,1,0.69
GF001176,2024-01-13,COR02650,PTYR,SFPR,2,0.62
GF001177,2024-01-13,COR02590,CTTP,BTKL,2,0.71
GF001178,2024-01-13,COR05365,BBAR,CTJ,5,0.95
GF001179,2024-01-13,COR05563,CKM,MLX,5,0.87
GF001180,2024-01-13,COR02500,RHI,MKSR,4,0.94
GF001181,2024-01-13,COR02321,MGG,LMNR,3,0.93
GF001182,2024-01-13,COR00033,VD,RA,3,0.73
GF001183,2024-01-13,COR02671,NPX,BLZ,1,0.65
GF001184,2024-01-13,COR08161,BDKE,POHE,5,0.64
GF001185,2024-01-13,COR02670,MSZ,NPX,4,0.69
GF001186,2024-01-13,COR03393,CWN,MKS,1,0.66
GF001187,2024-01-13,COR07194,RLX,CCI,4,0.65
GF001188,2024-01-14,COR01305,APA,SEU,2,0.93
GF001189,2024-01-14,COR04949,RAJP,VBW,2,0.66
GF001190,2024-01-14,COR06529,FTH,MOPR,4,0.77
GF001191,2024-01-14,COR00995,KQY,TTB,2,0.67
GF001192,2024-01-14,COR02218,RKZ,MJ,1,0.91
GF001193,2024-01-14,COR04205,KNNK,DZB,1,0.78
GF001194,2024-01-14,COR07694,MPUE,MNQ,2,0.77
GF001195,2024-01-14,COR01389,BAL,AYN,2,0.81
GF001196,2024-01-14,COR00998,KXL,FKG,4,0.88
GF001197,2024-01-14,COR04847,LKSH,VND,1,0.64
GF001198,2024-01-14,COR00206,JSR,MFX,2,0.73
GF001199,2024-01-14,COR08575,DGHR,MHUR,2,0.65
GF001200,2024-01-14,COR01953,RGO,TR,2,0.87
GF001201,2024-01-14,COR06235,MBY,BMK,3,0.79
GF001202,2024-01-14,COR04864,AMPR,PGK,5,0.93
GF001203,2024-01-14,COR05039,SOT,MHBZ,3,0.63
GF001204,2024-01-14,COR00084,MOI,JWB,1,0.73
GF001205,2024-01-14,COR00945,VMP,CDM,1,0.88
GF001206,2024-01-14,COR07167,CRND,SINR,1,0.9
GF001207,2024-01-14,COR00672,SCH,MRL,5,0.77
GF001208,2024-01-14,COR06484,KCV,BTQ,3,0.91
GF001209,2024-01-14,COR06351,SQR,LNK,1,0.73
GF001210,2024-01-14,COR00189,BMKI,MKI,1,0.77
GF001211,2024-01-14,COR05174,BXLL,CPU,2,0.93
GF001212,2024-01-14,COR06285,DNE,HNL,3,0.68
GF001213,2024-01-14,COR07039,DEWA,VASO,2,0.81
GF001214,2024-01-14,COR03281,CHRG,NBL,2,0.7
GF001215,2024-01-14,COR07679,BBT,DGNR,3,0.61
GF001216,2024-01-14,COR05494,GADM,BGAN,2,0.87
GF001217,2024-01-14,COR06187,KPKD,PQA,1,0.82
GF001218,2024-01-14,COR00083,KTR,MOI,2,0.89
GF001219,2024-01-14,COR04709,RWL,VRH,5,0.71
GF001220,2024-01-14,COR03623,GIN,HTNL,5,0.91
GF001221,2024-01-14,COR03183,KLNP,BIJ,3,0.92
GF001222,2024-01-14,COR06831,LHL,DBRG,3,0.62
GF001223,2024-01-14,COR01291,DAU,MSSD,3,0.8
GF001224,2024-01-14,COR01226,KMRD,YSI,3,0.94
GF001225,2024-01-14,COR05398,GTI,HPP,3,0.65
GF001226,2024-01-14,COR01715,CTHR,MJG,2,0.84
GF001227,2024-01-14,COR00797,MMY,TIW,1,0.86
GF001228,2024-01-14,COR01352,UJA,BHU,4,0.76
GF001229,2024-01-14,COR04257,FTS,AED,2,0.84
GF001230,2024-01-14,COR02131,MKDD,CTH,1,0.75
GF001231,2024-01-14,COR08052,KTRD,BSKN,3,0.72
GF001232,2024-01-14,COR01180,SLI,MDVR,1,0.85
GF001233,2024-01-14,COR00559,JWP,HW,2,0.74
GF001234,2024-01-14,COR00795,MDB,MLH,3,0.69
GF001235,2024-01-14,COR04101,FSR,GDB,2,0.67
GF001236,2024-01-14,COR03041,URL,KMD,1,0.95
GF001237,2024-01-14,COR05559,PMH,AJL,2,0.79
GF001238,2024-01-14,COR04824,PAVI,TJH,5,0.85
GF001239,2024-01-14,COR05116,SMPA,MLGH,1,0.78
GF001240,2024-01-14,COR03718,BDME,SSNR,6,0.62
GF001241,2024-01-14,COR00820,AII,AHO,1,0.77
GF001242,2024-01-14,COR06404,JBO,VAA,4,0.65
GF001243,2024-01-14,COR05240,GLMA,SVQ,2,0.75
GF001244,2024-01-14,COR01688,BHTN,BRGT,1,0.63
GF001245,2024-01-14,COR06664,BMY,MQP,5,0.91
GF001246,2024-01-14,COR02894,KNW,BMA,2,0.84
GF001247,2024-01-14,COR03410,MJV,GOPG,1,0.62
GF001248,2024-01-14,COR00451,NZB,JKM,1,0.78
GF001249,2024-01-14,COR04652,KT,GOK,3,0.93
GF001250,2024-01-14,COR03590,DHE,ARJ,5,0.65
GF001251,2024-01-14,COR05450,BNVD,WSJ,5,0.66
GF001252,2024-01-14,COR00307,DRBR,STZ,2,0.74
GF001253,2024-01-14,COR03943,CRG,MSRP,2,0.76
GF001254,2024-01-14,COR07396,BDHP,KPKI,2,0.64
GF001255,2024-01-14,COR08490,SOF,BGNA,2,0.74
GF001256,2024-01-14,COR01225,DKY,KMRD,2,0.72
GF001257,2024-01-14,COR07289,RTGH,RJR,1,0.79
GF001258,2024-01-14,COR03266,NGLT,BIQ,2,0.67
GF001259,2024-01-14,COR01845,CGH,TDO,6,0.61
GF001260,2024-01-14,COR06890,BF,HFG,3,0.84
GF001261,2024-01-14,COR07715,NCU,TKU,3,0.89
GF001262,2024-01-14,COR08442,GKJ,GUP,4,0.74
GF001263,2024-01-14,COR07573,BGPL,TMKA,4,0.92
GF001264,2024-01-14,COR08396,CKA,RRW,1,0.79
GF001265,2024-01-14,COR01626,BLKR,VNR,3,0.87
GF001266,2024-01-14,COR04375,SUX,PMK,3,0.71
GF001267,2024-01-14,COR01417,HRV,KTMA,1,0.83
